code,EME,DME,Gov,Infl,EMD_L,EMD_H,EMD_C,IG,HYD,SIG,PD,Com,RE,PE,HF,Cash
EME,1.0,0.8088,-0.1028,0.0464,0.5317,0.4719,0.4469,0.3077,0.5941,0.251,0.4873,0.2426,0.5253,0.682,0.4494,0.0181
DME,0.8088,1.0,-0.0945,0.022,0.5447,0.446,0.4444,0.2706,0.5704,0.2354,0.5056,0.2379,0.518,0.6374,0.4603,0.0178
Gov,-0.1028,-0.0945,1.0,0.7183,0.1252,0.1418,0.1343,0.5286,0.1781,0.4279,0.2458,0.07,0.2412,0.2526,0.2553,0.0215
Infl,0.0464,0.022,0.7183,1.0,0.4732,0.5287,0.5379,0.519,0.4848,0.5539,0.2434,0.0762,0.2393,0.1738,0.2239,0.0297
EMD_L,0.5317,0.5447,0.1252,0.4732,1.0,0.6934,0.5684,0.5329,0.5749,0.5603,0.226,0.0601,0.2482,0.2711,0.235,0.0089
EMD_H,0.4719,0.446,0.1418,0.5287,0.6934,1.0,0.7953,0.5644,0.5649,0.5192,0.2319,0.0643,0.2118,0.2422,0.2496,0.0452
EMD_C,0.4469,0.4444,0.1343,0.5379,0.5684,0.7953,1.0,0.5544,0.5475,0.5317,0.2386,0.0843,0.2465,0.2551,0.2626,0.0179
IG,0.3077,0.2706,0.5286,0.519,0.5329,0.5644,0.5544,1.0,0.5162,0.5301,0.2526,0.0378,0.2669,0.2463,0.2425,0.033
HYD,0.5941,0.5704,0.1781,0.4848,0.5749,0.5649,0.5475,0.5162,1.0,0.51,0.5917,0.0593,0.2712,0.2553,0.2684,-0.0125
SIG,0.251,0.2354,0.4279,0.5539,0.5603,0.5192,0.5317,0.5301,0.51,1.0,0.2128,0.0399,0.2246,0.2341,0.2863,0.003
PD,0.4873,0.5056,0.2458,0.2434,0.226,0.2319,0.2386,0.2526,0.5917,0.2128,1.0,0.1344,0.3184,0.5397,0.3101,0.0156
Com,0.2426,0.2379,0.07,0.0762,0.0601,0.0643,0.0843,0.0378,0.0593,0.0399,0.1344,1.0,0.167,0.1662,0.1327,0.0186
RE,0.5253,0.518,0.2412,0.2393,0.2482,0.2118,0.2465,0.2669,0.2712,0.2246,0.3184,0.167,1.0,0.5047,0.3034,0.0254
PE,0.682,0.6374,0.2526,0.1738,0.2711,0.2422,0.2551,0.2463,0.2553,0.2341,0.5397,0.1662,0.5047,1.0,0.312,0.0395
HF,0.4494,0.4603,0.2553,0.2239,0.235,0.2496,0.2626,0.2425,0.2684,0.2863,0.3101,0.1327,0.3034,0.312,1.0,0.0241
Cash,0.0181,0.0178,0.0215,0.0297,0.0089,0.0452,0.0179,0.033,-0.0125,0.003,0.0156,0.0186,0.0254,0.0395,0.0241,1.0
